{"stats":{"minecraft:killed":{"naturalist:rattlesnake":1,"minecraft:witch":3,"minecraft:spider":1,"wildlife:spider":1,"naturalist:boar":1,"naturalist:snail":1,"naturalist:coral_snake":1,"minecraft:skeleton":10,"iceandfire:siren":1,"mobs_of_mythology:kobold":1,"minecraft:creeper":2,"minecraft:sheep":3,"naturalist:finch":1,"minecraft:pillager":2,"adventurez:deer":1,"minecraft:zombie":4,"wildlife:sparrow":1,"minecraft:player":5,"iceandfire:sea_serpent":1},"minecraft:mined":{"iceandfire:silver_ore":4,"minecraft:mossy_cobblestone":1,"minecraft:mangrove_roots":8,"minecraft:brewing_stand":2,"minecraft:acacia_log":1,"minecraft:grass_block":22,"minecraft:spruce_leaves":22,"frostiful:hot_sun_lichen":2,"minecraft:large_fern":11,"minecraft:tall_seagrass":6,"minecraft:furnace":2,"minecraft:carrots":4,"minecraft:iron_ore":43,"minecraft:fire":6,"minecraft:moss_carpet":2,"minecraft:bell":1,"minecraft:potatoes":4,"iceandfire:gold_pile":1,"minecraft:vine":3,"minecraft:bamboo":3,"minecraft:stone":534,"iceandfire:chared_cobblestone":7,"minecraft:kelp_plant":49,"travelersbackpack:standard":1,"minecraft:crafting_table":5,"minecraft:torch":2,"minecraft:blast_furnace":2,"minecraft:emerald_ore":1,"minecraft:chest":2,"minecraft:dead_bush":1,"minecraft:lectern":1,"minecraft:tall_grass":23,"minecraft:copper_ore":7,"minecraft:cobblestone":5,"minecraft:cyan_bed":1,"minecraft:wall_torch":2,"minecraft:seagrass":9,"minecraft:coarse_dirt":1,"minecraft:spruce_log":4,"minecraft:mangrove_leaves":2,"hybrid-aquatic:message_in_a_bottle":1,"minecraft:grass":38,"minecraft:oak_log":14,"minecraft:coal_ore":38,"minecraft:gravel":54,"minecraft:sand":27,"minecraft:dirt":23,"minecraft:cobweb":3,"minecraft:oak_leaves":5,"minecraft:fern":1,"iceandfire:chared_stone":3},"minecraft:used":{"minecraft:moss_carpet":2,"minecraft:flint_and_steel":1,"iceandfire:dragon_skull_ice":1,"minecraft:poppy":1,"minecraft:chest":4,"minecraft:torch":10,"minecraft:dirt":4,"aquamirae:coral_lance":132,"minecraft:spruce_boat":3,"minecraft:iron_axe":15,"hybrid-aquatic:sea_message_book":1,"minecraft:furnace":2,"minecraft:cooked_beef":55,"minecraft:potato":22,"minecraft:water_bucket":9,"minecraft:stone_pickaxe":259,"minecraft:oak_planks":5,"minecraft:orange_tulip":1,"minecraft:brown_mushroom":1,"minecraft:salmon":2,"minecraft:vine":3,"minecraft:crafting_table":5,"minecraft:crossbow":19,"minecraft:blue_ice":6,"paladins:iron_kite_shield":21,"mcdw:axe_axe":30,"minecraft:diamond_shovel":124,"minecraft:bread":14,"minecraft:iron_pickaxe":395,"minecraft:gravel":43,"paladins:iron_great_hammer":1,"minecraft:diamond_sword":36,"minecraft:cobblestone":166,"travelersbackpack:standard":5,"minecraft:bucket":9,"minecraft:chain":4,"minecraft:ice":5,"minecraft:oak_boat":4,"mcdw:scythe_frost_scythe":32},"minecraft:crafted":{"minecraft:oak_planks":56,"minecraft:furnace":1,"minecraft:glass":26,"travelersbackpack:white_sleeping_bag":1,"minecraft:iron_axe":1,"minecraft:stone_pickaxe":2,"minecraft:chest":5,"minecraft:spruce_boat":1,"mcda:entertainer_garb_leggings":1,"minecraft:crafting_table":1,"minecraft:spruce_planks":16,"travelersbackpack:backpack_tank":2,"mcdw:axe_axe":1,"travelersbackpack:standard":1,"minecraft:bread":5,"minecraft:air":0,"minecraft:oak_boat":1,"minecraft:iron_ingot":8,"minecraft:iron_pickaxe":1,"minecraft:torch":44},"minecraft:custom":{"minecraft:mob_kills":36,"minecraft:interact_with_crafting_table":15,"minecraft:open_barrel":18,"minecraft:leave_game":4,"minecraft:time_since_death":3066,"minecraft:climb_one_cm":11237,"minecraft:sprint_one_cm":675639,"minecraft:walk_one_cm":312001,"minecraft:damage_blocked_by_shield":600,"minecraft:drop":40,"minecraft:talked_to_villager":5,"minecraft:play_time":177371,"minecraft:deaths":44,"minecraft:sneak_time":2956,"minecraft:walk_under_water_one_cm":22527,"minecraft:boat_one_cm":246766,"minecraft:jump":4344,"minecraft:interact_with_blast_furnace":1,"minecraft:walk_on_water_one_cm":66109,"minecraft:total_world_time":177371,"minecraft:interact_with_furnace":8,"minecraft:traded_with_villager":1,"minecraft:sleep_in_bed":1,"minecraft:time_since_rest":3092,"minecraft:damage_taken":19399,"minecraft:trigger_trapped_chest":1,"minecraft:damage_dealt":10355,"minecraft:swim_one_cm":120267,"minecraft:fly_one_cm":1380877,"minecraft:player_kills":5,"minecraft:open_chest":58,"minecraft:crouch_one_cm":2885,"minecraft:fall_one_cm":110456},"minecraft:broken":{"paladins:iron_kite_shield":1,"minecraft:diamond_helmet":1,"paladins:paladin_armor_chest":1,"minecraft:stone_pickaxe":1,"minecraft:diamond_boots":1,"minecraft:iron_pickaxe":1},"minecraft:picked_up":{"iceandfire:dragon_skull_lightning":2,"minecraft:coarse_dirt":3,"minecraft:crafting_table":5,"minecraft:prismarine_shard":3,"minecraft:brown_mushroom":1,"aquamirae:coral_lance":3,"minecraft:brewing_stand":2,"iceandfire:manuscript":2,"minecraft:string":4,"minecraft:moss_carpet":3,"minecraft:raw_copper":27,"minecraft:flint_and_steel":1,"minecraft:diamond_leggings":1,"minecraft:gold_nugget":2,"minecraft:bucket":1,"minecraft:beef":3,"minecraft:oak_boat":3,"minecraft:iron_pickaxe":2,"minecraft:lectern":1,"minecraft:chest":2,"minecraft:furnace":2,"minecraft:stick":13,"minecraft:raw_iron":78,"iceandfire:dragonbone":66,"minecraft:torch":43,"minecraft:porkchop":2,"minecraft:carrot":58,"minecraft:prismarine_crystals":2,"iceandfire:dragon_skull_ice":3,"iceandfire:sea_serpent_scales_purple":11,"minecraft:arrow":25,"minecraft:gold_ingot":3,"minecraft:obsidian":4,"minecraft:mutton":8,"minecraft:cobblestone":499,"minecraft:white_wool":3,"minecraft:cooked_beef":23,"minecraft:dune_armor_trim_smithing_template":1,"iceandfire:sea_serpent_fang":3,"minecraft:leather":1,"minecraft:potato":19,"hybrid-aquatic:sea_message_book":1,"minecraft:smooth_sandstone_stairs":4,"minecraft:oak_log":14,"minecraft:gunpowder":1,"minecraft:dirt":58,"minecraft:glass":14,"minecraft:bone":20,"minecraft:kelp":205,"minecraft:bow":2,"minecraft:orange_tulip":1,"minecraft:wheat_seeds":13,"adventurez:raw_venison":2,"minecraft:bell":1,"minecraft:iron_ingot":6,"minecraft:bamboo":13,"minecraft:glowstone_dust":2,"minecraft:honeycomb":12,"minecraft:flowering_azalea":1,"iceandfire:chared_stone":3,"minecraft:gravel":53,"minecraft:sand":26,"minecraft:blast_furnace":2,"minecraft:spruce_log":8,"minecraft:cyan_bed":2,"minecraft:mossy_cobblestone":2,"travelersbackpack:standard":3,"minecraft:diamond_shovel":1,"minecraft:spruce_boat":2,"minecraft:crossbow":1,"minecraft:bread":14,"minecraft:emerald":40,"minecraft:coal":94,"iceandfire:raw_silver":4},"minecraft:dropped":{"iceandfire:chared_stone":3,"paladins:iron_great_hammer":1,"minecraft:iron_sword":1,"minecraft:vine":2,"minecraft:porkchop":2,"minecraft:wheat_seeds":5,"minecraft:cobblestone":5,"minecraft:prismarine_crystals":2,"minecraft:lantern":1,"minecraft:stick":6,"mcda:entertainer_garb_leggings":1,"minecraft:fire_charge":1,"minecraft:gold_nugget":2,"minecraft:bone":6,"hybrid-aquatic:sea_message_book":1,"minecraft:moss_carpet":1,"minecraft:kelp":55,"minecraft:coarse_dirt":2,"minecraft:smooth_sandstone_stairs":4,"universal_graves:grave_compass":2,"minecraft:oak_planks":2,"minecraft:glowstone_dust":2,"iceandfire:dragon_skull_ice":1,"minecraft:carrot":8,"minecraft:gunpowder":1,"minecraft:dune_armor_trim_smithing_template":1,"minecraft:diamond_boots":1,"minecraft:stone_pickaxe":1,"minecraft:bow":2,"minecraft:beef":3},"minecraft:killed_by":{"minecraft:player":5,"iceandfire:cyclops":15,"minecraft:pillager":1,"adventurez:orc":1,"iceandfire:sea_serpent":2,"naturalist:alligator":1,"minecraft:vindicator":2,"minecraft:skeleton":10,"minecraft:zombie":1,"iceandfire:fire_dragon":5}},"DataVersion":3465}