{"stats":{"minecraft:killed":{"naturalist:rattlesnake":1,"minecraft:witch":3,"wildlife:spider":1,"naturalist:boar":1,"naturalist:snail":1,"naturalist:coral_snake":1,"minecraft:skeleton":4,"mobs_of_mythology:kobold":1,"minecraft:creeper":1,"minecraft:sheep":3,"naturalist:finch":1,"minecraft:pillager":2,"adventurez:deer":1,"minecraft:zombie":1,"wildlife:sparrow":1,"minecraft:player":4},"minecraft:mined":{"iceandfire:silver_ore":4,"minecraft:mangrove_roots":8,"minecraft:brewing_stand":1,"minecraft:acacia_log":1,"minecraft:grass_block":7,"minecraft:spruce_leaves":22,"frostiful:hot_sun_lichen":2,"minecraft:large_fern":11,"minecraft:tall_seagrass":6,"minecraft:furnace":2,"minecraft:carrots":4,"minecraft:iron_ore":43,"minecraft:moss_carpet":2,"minecraft:bell":1,"minecraft:potatoes":4,"minecraft:vine":3,"minecraft:bamboo":3,"minecraft:stone":496,"iceandfire:chared_cobblestone":7,"minecraft:kelp_plant":49,"travelersbackpack:standard":1,"minecraft:crafting_table":2,"minecraft:torch":2,"minecraft:chest":2,"minecraft:dead_bush":1,"minecraft:lectern":1,"minecraft:tall_grass":19,"minecraft:copper_ore":7,"minecraft:cobblestone":3,"minecraft:cyan_bed":1,"minecraft:wall_torch":2,"minecraft:seagrass":9,"minecraft:spruce_log":4,"minecraft:mangrove_leaves":2,"hybrid-aquatic:message_in_a_bottle":1,"minecraft:grass":34,"minecraft:oak_log":14,"minecraft:coal_ore":38,"minecraft:gravel":2,"minecraft:sand":27,"minecraft:dirt":23,"minecraft:cobweb":1,"minecraft:oak_leaves":3,"minecraft:fern":1,"iceandfire:chared_stone":3},"minecraft:used":{"minecraft:moss_carpet":2,"minecraft:flint_and_steel":1,"minecraft:poppy":1,"minecraft:chest":4,"minecraft:torch":6,"minecraft:dirt":4,"aquamirae:coral_lance":86,"minecraft:iron_axe":15,"hybrid-aquatic:sea_message_book":1,"minecraft:furnace":2,"minecraft:cooked_beef":24,"minecraft:potato":22,"minecraft:stone_pickaxe":259,"minecraft:oak_planks":5,"minecraft:salmon":2,"minecraft:vine":3,"minecraft:crafting_table":2,"minecraft:crossbow":2,"minecraft:blue_ice":6,"paladins:iron_kite_shield":10,"mcdw:axe_axe":26,"minecraft:diamond_shovel":53,"minecraft:bread":14,"minecraft:iron_pickaxe":350,"minecraft:gravel":1,"paladins:iron_great_hammer":1,"minecraft:diamond_sword":36,"minecraft:cobblestone":107,"travelersbackpack:standard":2,"minecraft:chain":4,"minecraft:ice":5,"minecraft:oak_boat":4,"mcdw:scythe_frost_scythe":32},"minecraft:crafted":{"minecraft:oak_planks":56,"minecraft:furnace":1,"minecraft:glass":26,"travelersbackpack:white_sleeping_bag":1,"minecraft:iron_axe":1,"minecraft:stone_pickaxe":2,"minecraft:chest":5,"mcda:entertainer_garb_leggings":1,"minecraft:crafting_table":1,"travelersbackpack:backpack_tank":2,"mcdw:axe_axe":1,"travelersbackpack:standard":1,"minecraft:bread":5,"minecraft:air":0,"minecraft:oak_boat":1,"minecraft:iron_ingot":8,"minecraft:iron_pickaxe":1,"minecraft:torch":44},"minecraft:custom":{"minecraft:mob_kills":23,"minecraft:interact_with_crafting_table":11,"minecraft:open_barrel":18,"minecraft:leave_game":4,"minecraft:time_since_death":2689,"minecraft:climb_one_cm":8749,"minecraft:sprint_one_cm":425236,"minecraft:walk_one_cm":220160,"minecraft:damage_blocked_by_shield":540,"minecraft:drop":26,"minecraft:talked_to_villager":4,"minecraft:play_time":123371,"minecraft:deaths":26,"minecraft:sneak_time":2810,"minecraft:walk_under_water_one_cm":14421,"minecraft:boat_one_cm":182327,"minecraft:jump":2559,"minecraft:walk_on_water_one_cm":43064,"minecraft:total_world_time":123371,"minecraft:interact_with_furnace":7,"minecraft:traded_with_villager":1,"minecraft:sleep_in_bed":1,"minecraft:time_since_rest":2714,"minecraft:damage_taken":10368,"minecraft:trigger_trapped_chest":1,"minecraft:damage_dealt":6449,"minecraft:swim_one_cm":103196,"minecraft:fly_one_cm":999094,"minecraft:player_kills":4,"minecraft:open_chest":37,"minecraft:crouch_one_cm":2616,"minecraft:fall_one_cm":61049},"minecraft:broken":{"minecraft:diamond_helmet":1,"paladins:paladin_armor_chest":1,"minecraft:stone_pickaxe":1,"minecraft:iron_pickaxe":1},"minecraft:picked_up":{"iceandfire:dragon_skull_lightning":1,"minecraft:crafting_table":2,"aquamirae:coral_lance":1,"minecraft:brewing_stand":1,"minecraft:moss_carpet":3,"minecraft:raw_copper":27,"minecraft:beef":3,"minecraft:oak_boat":3,"minecraft:iron_pickaxe":1,"minecraft:lectern":1,"minecraft:chest":2,"minecraft:furnace":2,"minecraft:stick":11,"minecraft:raw_iron":43,"iceandfire:dragonbone":25,"minecraft:torch":3,"minecraft:porkchop":2,"minecraft:carrot":29,"iceandfire:dragon_skull_ice":1,"minecraft:arrow":5,"minecraft:mutton":4,"minecraft:cobblestone":459,"minecraft:white_wool":3,"minecraft:dune_armor_trim_smithing_template":1,"minecraft:leather":1,"minecraft:potato":8,"hybrid-aquatic:sea_message_book":1,"minecraft:smooth_sandstone_stairs":4,"minecraft:oak_log":14,"minecraft:gunpowder":1,"minecraft:dirt":21,"minecraft:bone":3,"minecraft:kelp":205,"minecraft:bow":2,"minecraft:wheat_seeds":5,"adventurez:raw_venison":2,"minecraft:bell":1,"minecraft:bamboo":13,"minecraft:glowstone_dust":2,"minecraft:flowering_azalea":1,"iceandfire:chared_stone":3,"minecraft:gravel":1,"minecraft:sand":26,"minecraft:spruce_log":4,"minecraft:cyan_bed":1,"travelersbackpack:standard":1,"minecraft:emerald":35,"minecraft:coal":34,"iceandfire:raw_silver":4},"minecraft:dropped":{"iceandfire:chared_stone":3,"minecraft:iron_sword":1,"minecraft:vine":2,"minecraft:porkchop":2,"minecraft:cobblestone":5,"minecraft:lantern":1,"minecraft:stick":6,"mcda:entertainer_garb_leggings":1,"minecraft:fire_charge":1,"hybrid-aquatic:sea_message_book":1,"minecraft:moss_carpet":1,"minecraft:kelp":55,"minecraft:smooth_sandstone_stairs":4,"minecraft:glowstone_dust":2,"iceandfire:dragon_skull_ice":1,"minecraft:carrot":8,"minecraft:gunpowder":1,"minecraft:dune_armor_trim_smithing_template":1,"minecraft:bow":2,"minecraft:beef":3},"minecraft:killed_by":{"minecraft:player":5,"iceandfire:cyclops":5,"minecraft:pillager":1,"naturalist:alligator":1,"minecraft:vindicator":2,"minecraft:skeleton":10,"minecraft:zombie":1}},"DataVersion":3465}