{"stats":{"minecraft:broken":{"minecraft:diamond_helmet":1,"mcda:emerald_gear_boots":1},"minecraft:picked_up":{"minecraft:crafting_table":1,"minecraft:flower_pot":1,"minecraft:cut_sandstone":16,"minecraft:smithing_table":1,"minecraft:copper_block":1,"minecraft:smooth_sandstone_stairs":1,"minecraft:oak_log":6,"minecraft:lily_pad":165,"minecraft:gunpowder":2,"minecraft:cornflower":2,"minecraft:string":11,"minecraft:lantern":6,"minecraft:moss_carpet":10,"universal_graves:grave_compass":1,"minecraft:red_candle":1,"minecraft:smooth_sandstone":15,"minecraft:experience_bottle":1,"minecraft:bone":2,"minecraft:gray_carpet":1,"minecraft:bow":1,"minecraft:diamond_leggings":3,"minecraft:comparator":1,"paladins:acolyte_wand":1,"minecraft:azalea":2,"paladins:iron_great_hammer":1,"minecraft:spruce_slab":2,"minecraft:glowstone_dust":4,"minecraft:chest":1,"minecraft:spruce_trapdoor":14,"minecraft:book":6,"minecraft:spruce_pressure_plate":1,"minecraft:stick":6,"minecraft:sandstone":32,"minecraft:smooth_basalt":1,"patchouli:guide_book":1,"minecraft:spruce_stairs":2,"minecraft:sandstone_wall":1,"minecraft:sand":46,"minecraft:amethyst_shard":2,"minecraft:stripped_spruce_log":18,"minecraft:spruce_door":3,"minecraft:orange_wool":2,"iceandfire:chared_cobblestone":5,"minecraft:tnt":8,"minecraft:arrow":5,"minecraft:cactus":4,"minecraft:diamond_chestplate":3,"minecraft:spruce_boat":2,"minecraft:polished_basalt":1,"minecraft:hay_block":16,"minecraft:crossbow":1,"minecraft:sandstone_stairs":2,"minecraft:spruce_button":3,"minecraft:spruce_sign":43,"minecraft:bread":1,"minecraft:oak_sapling":1,"minecraft:mangrove_propagule":2,"minecraft:cobblestone":2},"minecraft:killed":{"minecraft:skeleton":1,"minecraft:zombie":1,"minecraft:player":14},"minecraft:killed_by":{"minecraft:player":3,"adventurez:desert_rhino":1},"minecraft:dropped":{"minecraft:spruce_sign":27,"minecraft:bread":1,"minecraft:stripped_spruce_log":18,"minecraft:moss_carpet":5,"minecraft:oak_log":6,"minecraft:smithing_table":1,"minecraft:diamond_leggings":4,"minecraft:mangrove_propagule":1,"universal_graves:grave_compass":2,"minecraft:lantern":3,"minecraft:glowstone_dust":2,"minecraft:spruce_door":1,"minecraft:spruce_stairs":2,"patchouli:guide_book":1,"minecraft:stick":3,"minecraft:red_candle":1,"minecraft:gunpowder":1,"minecraft:diamond_chestplate":4,"minecraft:azalea":1,"paladins:acolyte_wand":1,"minecraft:spruce_slab":1,"minecraft:sand":64,"minecraft:sandstone":8,"minecraft:blue_orchid":1,"minecraft:bow":1,"minecraft:cactus":2,"minecraft:string":4,"minecraft:lily_pad":165,"minecraft:bone":1},"minecraft:mined":{"minecraft:crafting_table":1,"minecraft:tall_grass":2,"minecraft:sandstone":2,"minecraft:hay_block":16,"minecraft:seagrass":2,"minecraft:red_candle":1,"minecraft:tnt":8,"minecraft:mangrove_leaves":5,"minecraft:copper_block":1,"minecraft:grass":1,"minecraft:vine":1,"minecraft:cobweb":2,"minecraft:tripwire":1,"minecraft:fern":2},"minecraft:used":{"minecraft:water_bucket":1,"minecraft:sandstone":1,"paladins:diamond_great_hammer":6,"minecraft:smooth_sandstone_stairs":1,"mcdw:shield_royal_guard":9,"minecraft:diamond_axe":1,"minecraft:tnt":8,"minecraft:crafting_table":4,"minecraft:spruce_boat":2,"minecraft:diamond_pickaxe":3,"minecraft:bread":23,"minecraft:oak_pressure_plate":2,"minecraft:bow":3,"minecraft:bucket":1,"minecraft:splash_potion":1,"simplyswords:twisted_blade":81},"minecraft:custom":{"minecraft:mob_kills":2,"minecraft:interact_with_crafting_table":8,"minecraft:open_barrel":3,"minecraft:leave_game":3,"minecraft:time_since_death":1819,"minecraft:climb_one_cm":6650,"minecraft:time_since_rest":1843,"minecraft:sprint_one_cm":96411,"minecraft:damage_taken":2270,"minecraft:walk_one_cm":50302,"minecraft:damage_blocked_by_shield":750,"minecraft:trigger_trapped_chest":1,"minecraft:drop":50,"minecraft:damage_dealt":4504,"minecraft:swim_one_cm":5426,"minecraft:fly_one_cm":196469,"minecraft:player_kills":14,"minecraft:open_chest":12,"minecraft:crouch_one_cm":1333,"minecraft:play_time":39033,"minecraft:deaths":4,"minecraft:sneak_time":425,"minecraft:walk_under_water_one_cm":959,"minecraft:boat_one_cm":47238,"minecraft:jump":801,"minecraft:interact_with_brewingstand":1,"minecraft:walk_on_water_one_cm":21030,"minecraft:total_world_time":39033,"minecraft:fall_one_cm":25856},"minecraft:crafted":{"mcda:emerald_gear_boots":1,"minecraft:oak_planks":8,"minecraft:crafting_table":1,"minecraft:spyglass":1,"minecraft:oak_pressure_plate":2,"minecraft:copper_ingot":9,"minecraft:bread":69,"minecraft:diamond_helmet":1,"minecraft:diamond_leggings":1,"minecraft:iron_boots":1,"minecraft:diamond_chestplate":1,"minecraft:wheat":207}},"DataVersion":3465}