{"stats":{"minecraft:used":{"minecraft:dirt":12},"minecraft:killed_by":{"minecraft:skeleton":2,"minecraft:creeper":1},"minecraft:dropped":{"minecraft:dirt":34},"minecraft:custom":{"minecraft:time_since_rest":615,"minecraft:play_time":9513,"minecraft:crouch_one_cm":53,"minecraft:sprint_one_cm":5646,"minecraft:damage_taken":876,"minecraft:walk_one_cm":23612,"minecraft:deaths":3,"minecraft:sneak_time":62,"minecraft:mob_kills":3,"minecraft:drop":1,"minecraft:jump":168,"minecraft:damage_dealt":410,"minecraft:leave_game":4,"minecraft:time_since_death":467,"minecraft:total_world_time":9513,"minecraft:hex":0,"minecraft:fly_one_cm":18412,"minecraft:fall_one_cm":3460},"minecraft:mined":{"minecraft:grass":7,"minecraft:grass_block":5,"iceandfire:frost_lily":1,"minecraft:oak_leaves":4},"minecraft:killed":{"minecraft:sheep":2,"minecraft:spider":1},"minecraft:picked_up":{"minecraft:blue_orchid":1,"minecraft:wheat_seeds":2,"iceandfire:frost_lily":1,"minecraft:gravel":4,"minecraft:white_tulip":2,"minecraft:flint":2,"minecraft:mutton":2,"minecraft:dirt":49,"minecraft:white_wool":2,"minecraft:string":1}},"DataVersion":3465}