{"stats":{"minecraft:killed":{"minecraft:skeleton":1,"adventurez:orc":1,"naturalist:butterfly":2,"minecraft:pillager":3,"minecraft:zombie":2,"minecraft:player":2},"minecraft:custom":{"minecraft:interact_with_smithing_table":1,"minecraft:mob_kills":9,"minecraft:interact_with_crafting_table":1,"minecraft:leave_game":27,"minecraft:time_since_death":3044,"minecraft:climb_one_cm":4005,"minecraft:sprint_one_cm":168925,"minecraft:walk_one_cm":231958,"minecraft:damage_blocked_by_shield":180,"minecraft:drop":18,"minecraft:play_time":172346,"minecraft:deaths":60,"minecraft:sneak_time":10373,"minecraft:walk_under_water_one_cm":14939,"minecraft:boat_one_cm":65252,"minecraft:jump":2131,"minecraft:interact_with_brewingstand":1,"minecraft:interact_with_blast_furnace":1,"minecraft:walk_on_water_one_cm":16610,"minecraft:total_world_time":172346,"minecraft:sleep_in_bed":2,"minecraft:time_since_rest":3067,"minecraft:open_enderchest":1,"minecraft:damage_taken":17223,"minecraft:trigger_trapped_chest":1,"minecraft:damage_dealt":3537,"minecraft:swim_one_cm":20264,"minecraft:fly_one_cm":1340878,"minecraft:player_kills":2,"minecraft:open_chest":39,"minecraft:crouch_one_cm":15099,"minecraft:fall_one_cm":83801},"minecraft:mined":{"minecraft:jungle_leaves":1,"minecraft:spruce_trapdoor":9,"minecraft:grass_block":5,"minecraft:spruce_fence":1,"minecraft:hay_block":2,"minecraft:fire":22,"minecraft:suspicious_sand":2,"diagonalfences:minecraft/spruce_fence":1,"minecraft:stone":6,"minecraft:chest":2,"minecraft:tall_grass":10,"minecraft:wall_torch":1,"minecraft:coarse_dirt":3,"minecraft:sea_pickle":1,"minecraft:tnt":5,"minecraft:grass":13,"minecraft:oak_log":5,"minecraft:gravel":4,"minecraft:sand":21,"minecraft:dirt":16,"minecraft:stone_bricks":3,"minecraft:oak_leaves":1,"minecraft:fern":2,"iceandfire:chared_stone":1},"minecraft:used":{"minecraft:ladder":1,"minecraft:chest":5,"minecraft:stone":7,"mcdw:shield_royal_guard":4,"minecraft:torch":1,"minecraft:dirt":51,"minecraft:diamond_helmet":1,"minecraft:spruce_fence":2,"minecraft:dark_oak_planks":2,"minecraft:iron_axe":10,"paladins:iron_claymore":10,"simplyswords:arcanethyst":13,"minecraft:diamond_chestplate":1,"minecraft:dark_oak_boat":1,"minecraft:goat_horn":5,"minecraft:cobbled_deepslate":9,"minecraft:diamond_boots":2,"minecraft:spruce_door":1,"simplyswords:diamond_katana":8,"minecraft:baked_potato":13,"minecraft:sandstone":7,"minecraft:brown_mushroom":2,"minecraft:diamond_axe":1,"minecraft:sand":11,"minecraft:tnt":8,"minecraft:white_bed":1,"minecraft:apple":2,"minecraft:bread":13,"minecraft:oak_button":3,"minecraft:iron_pickaxe":9,"minecraft:spruce_pressure_plate":1,"minecraft:spruce_trapdoor":9,"minecraft:gravel":20,"paladins:iron_great_hammer":1,"minecraft:diamond_sword":36,"minecraft:cobblestone":12,"travelersbackpack:standard":6,"minecraft:smithing_table":1,"minecraft:diamond_leggings":6,"minecraft:experience_bottle":3,"minecraft:cobweb":4},"minecraft:dropped":{"iceandfire:chared_stone":1,"minecraft:bread":19,"minecraft:brown_mushroom":1,"minecraft:wheat_seeds":1,"travelersbackpack:bookshelf":1,"minecraft:cobblestone":2,"minecraft:spruce_button":1,"minecraft:dirt":7,"minecraft:sand":5,"minecraft:iron_pickaxe":1,"minecraft:gravel":15,"minecraft:smooth_sandstone_stairs":4,"minecraft:rotten_flesh":1,"universal_graves:grave_compass":3,"mcda:teleportation_robe_boots":1},"minecraft:broken":{"paladins:paladin_armor_head":1},"minecraft:crafted":{"minecraft:oak_planks":20,"minecraft:spruce_pressure_plate":1,"minecraft:wheat":18,"minecraft:spruce_planks":28,"minecraft:air":0,"minecraft:sandstone":1},"minecraft:picked_up":{"minecraft:coarse_dirt":5,"minecraft:crafting_table":1,"minecraft:wheat":8,"minecraft:ladder":1,"minecraft:brown_mushroom":3,"minecraft:chain":4,"artifacts:power_glove":1,"universal_graves:grave_compass":10,"minecraft:sea_pickle":1,"minecraft:diamond_leggings":4,"minecraft:gold_nugget":86,"paladins:iron_great_hammer":6,"minecraft:chest":2,"minecraft:spruce_trapdoor":10,"minecraft:stick":2,"minecraft:sandstone":17,"minecraft:torch":3,"minecraft:bowl":1,"minecraft:spruce_stairs":3,"minecraft:spruce_fence":8,"iceandfire:dragon_skull_ice":1,"minecraft:tnt":3,"minecraft:arrow":8,"minecraft:diamond_chestplate":2,"minecraft:rotten_flesh":2,"minecraft:hay_block":2,"minecraft:diamond_boots":7,"minecraft:sandstone_stairs":4,"minecraft:gold_ingot":29,"minecraft:skeleton_skull":2,"minecraft:cobblestone":6,"minecraft:dark_oak_boat":1,"minecraft:red_mushroom":3,"minecraft:smooth_sandstone_stairs":6,"minecraft:oak_log":5,"minecraft:dirt":36,"minecraft:lantern":1,"travelersbackpack:bookshelf":1,"minecraft:smooth_sandstone":30,"minecraft:red_carpet":1,"minecraft:bone":70,"minecraft:gray_carpet":1,"minecraft:stone_bricks":3,"minecraft:wheat_seeds":5,"minecraft:iron_ingot":20,"minecraft:cobweb":18,"minecraft:diamond_helmet":2,"iceandfire:chared_stone":32,"minecraft:gravel":3,"minecraft:sand":98,"minecraft:stripped_spruce_log":39,"minecraft:spruce_door":1,"iceandfire:chared_cobblestone":1,"travelersbackpack:standard":5,"artifacts:golden_hook":3,"minecraft:lever":1,"minecraft:iron_helmet":2,"minecraft:bread":21,"minecraft:spruce_button":2,"minecraft:spruce_sign":11,"minecraft:emerald":5,"minecraft:oak_button":2},"minecraft:killed_by":{"minecraft:player":13,"iceandfire:cyclops":4,"minecraft:creeper":2,"minecraft:spider":1,"minecraft:pillager":2,"mobs_of_mythology:kobold_warrior":2,"minecraft:skeleton":1,"adventurez:desert_rhino":4,"iceandfire:fire_dragon":22}},"DataVersion":3465}