{"stats":{"minecraft:killed":{"minecraft:skeleton":1,"minecraft:pillager":3,"minecraft:zombie":2,"minecraft:player":2},"minecraft:mined":{"minecraft:jungle_leaves":1,"minecraft:spruce_trapdoor":9,"minecraft:grass_block":5,"minecraft:spruce_fence":1,"minecraft:chest":1,"minecraft:tall_grass":4,"minecraft:wall_torch":1,"minecraft:hay_block":2,"minecraft:coarse_dirt":3,"minecraft:sea_pickle":1,"minecraft:fire":22,"minecraft:suspicious_sand":2,"minecraft:tnt":5,"minecraft:gravel":1,"diagonalfences:minecraft/spruce_fence":1,"minecraft:grass":10,"minecraft:oak_log":5,"minecraft:sand":19,"minecraft:dirt":16,"minecraft:oak_leaves":1,"minecraft:fern":2,"iceandfire:chared_stone":1},"minecraft:used":{"minecraft:diamond_boots":2,"minecraft:spruce_door":1,"minecraft:baked_potato":13,"minecraft:ladder":1,"minecraft:chest":5,"minecraft:sandstone":7,"minecraft:stone":7,"mcdw:shield_royal_guard":4,"minecraft:torch":1,"minecraft:dirt":51,"minecraft:sand":11,"minecraft:tnt":8,"minecraft:diamond_helmet":1,"minecraft:white_bed":1,"minecraft:spruce_fence":2,"minecraft:dark_oak_planks":2,"minecraft:apple":2,"minecraft:iron_axe":9,"minecraft:bread":13,"minecraft:oak_button":3,"paladins:iron_claymore":10,"minecraft:spruce_pressure_plate":1,"minecraft:spruce_trapdoor":9,"simplyswords:arcanethyst":13,"minecraft:gravel":20,"paladins:iron_great_hammer":1,"travelersbackpack:standard":6,"minecraft:cobblestone":8,"minecraft:diamond_chestplate":1,"minecraft:diamond_sword":36,"minecraft:dark_oak_boat":1,"minecraft:goat_horn":5,"minecraft:smithing_table":1,"minecraft:cobbled_deepslate":9,"minecraft:diamond_leggings":6,"minecraft:cobweb":4,"minecraft:experience_bottle":3},"minecraft:crafted":{"minecraft:oak_planks":20,"minecraft:spruce_planks":28,"minecraft:air":0,"minecraft:spruce_pressure_plate":1,"minecraft:sandstone":1,"minecraft:wheat":18},"minecraft:custom":{"minecraft:interact_with_smithing_table":1,"minecraft:mob_kills":6,"minecraft:interact_with_crafting_table":1,"minecraft:leave_game":25,"minecraft:time_since_death":135,"minecraft:sleep_in_bed":2,"minecraft:climb_one_cm":3452,"minecraft:time_since_rest":162,"minecraft:sprint_one_cm":145313,"minecraft:open_enderchest":1,"minecraft:damage_taken":17003,"minecraft:walk_one_cm":197898,"minecraft:damage_blocked_by_shield":180,"minecraft:trigger_trapped_chest":1,"minecraft:drop":13,"minecraft:damage_dealt":3014,"minecraft:swim_one_cm":16701,"minecraft:fly_one_cm":1023704,"minecraft:player_kills":2,"minecraft:open_chest":33,"minecraft:crouch_one_cm":14034,"minecraft:play_time":152199,"minecraft:deaths":54,"minecraft:sneak_time":8981,"minecraft:walk_under_water_one_cm":12406,"minecraft:boat_one_cm":65252,"minecraft:jump":1741,"minecraft:walk_on_water_one_cm":11878,"minecraft:total_world_time":152199,"minecraft:fall_one_cm":71023},"minecraft:broken":{"paladins:paladin_armor_head":1},"minecraft:picked_up":{"minecraft:crafting_table":1,"minecraft:coarse_dirt":3,"minecraft:ladder":1,"minecraft:dark_oak_boat":1,"minecraft:smooth_sandstone_stairs":6,"minecraft:oak_log":5,"minecraft:chain":4,"minecraft:dirt":29,"minecraft:lantern":1,"artifacts:power_glove":1,"minecraft:smooth_sandstone":30,"minecraft:red_carpet":1,"universal_graves:grave_compass":8,"travelersbackpack:bookshelf":1,"minecraft:bone":70,"minecraft:gray_carpet":1,"minecraft:sea_pickle":1,"minecraft:wheat_seeds":2,"minecraft:diamond_leggings":4,"minecraft:gold_nugget":86,"minecraft:iron_ingot":20,"minecraft:cobweb":18,"paladins:iron_great_hammer":5,"minecraft:diamond_helmet":2,"minecraft:chest":1,"minecraft:spruce_trapdoor":10,"iceandfire:chared_stone":32,"minecraft:stick":2,"minecraft:sandstone":17,"minecraft:torch":2,"minecraft:gravel":1,"minecraft:spruce_stairs":3,"minecraft:spruce_fence":8,"minecraft:sand":96,"minecraft:stripped_spruce_log":39,"minecraft:spruce_door":1,"iceandfire:chared_cobblestone":1,"minecraft:tnt":3,"travelersbackpack:standard":5,"minecraft:arrow":1,"minecraft:rotten_flesh":2,"minecraft:diamond_chestplate":2,"artifacts:golden_hook":3,"minecraft:lever":1,"minecraft:diamond_boots":7,"minecraft:hay_block":2,"minecraft:iron_helmet":2,"minecraft:sandstone_stairs":4,"minecraft:emerald":3,"minecraft:spruce_sign":11,"minecraft:spruce_button":2,"minecraft:gold_ingot":28,"minecraft:bread":19,"minecraft:oak_button":2,"minecraft:skeleton_skull":2},"minecraft:dropped":{"iceandfire:chared_stone":1,"minecraft:gravel":15,"minecraft:bread":19,"travelersbackpack:bookshelf":1,"minecraft:smooth_sandstone_stairs":4,"minecraft:rotten_flesh":1,"universal_graves:grave_compass":2,"minecraft:spruce_button":1,"minecraft:dirt":7,"minecraft:sand":3,"minecraft:iron_pickaxe":1,"mcda:teleportation_robe_boots":1},"minecraft:killed_by":{"minecraft:player":13,"iceandfire:cyclops":4,"minecraft:skeleton":1,"minecraft:creeper":2,"minecraft:spider":1,"minecraft:pillager":2,"mobs_of_mythology:kobold_warrior":2,"adventurez:desert_rhino":4,"iceandfire:fire_dragon":22}},"DataVersion":3465}